title,company,location,min_amount,max_amount,interval,job_url,description,scraped_date,search_query,application_status,notes,noc_code_guess,bcpnp_tech_eligible,score_skills,score_immigration,score_salary,score_company,score_success,total_score,priority
Senior Data Scientist,Lululemon,"Vancouver, BC",130000,170000,yearly,https://linkedin.com/jobs/1001,machine learning python sql tensorflow a/b testing causal inference statistical modeling time series deep learning pandas numpy scikit-learn recommendation system segmentation stakeholder communication cross-functional 5+ years of experience master's computer science statistics,2026-02-13,data scientist,New,,21211 (Data Scientists),✅ Yes,96,100,100,90,80,95.4,🔴 HIGH
Data Scientist,TELUS,"Vancouver, BC",95000,130000,yearly,https://linkedin.com/jobs/1005,python sql r machine learning statistical modeling regression time series a/b testing data visualization pandas scikit-learn communication stakeholder 3+ years experience bachelor statistics mathematics,2026-02-13,ML engineer,New,,21211 (Data Scientists),✅ Yes,98,100,80,90,80,93.2,🔴 HIGH
Quantitative Analyst,RBC,"Vancouver, BC",100000,140000,yearly,https://linkedin.com/jobs/1010,python r sql statistical modeling time series regression machine learning quantitative analysis risk modeling financial data pandas numpy 5+ years experience master mathematics statistics,2026-02-13,data analyst,New,,21211 (Data Scientists),✅ Yes,100,90,90,90,80,93.0,🔴 HIGH
Research Scientist,Borealis AI (RBC),"Vancouver, BC",120000,160000,yearly,https://linkedin.com/jobs/1020,machine learning deep learning nlp reinforcement learning python pytorch research neural network statistical modeling 4+ years experience phd mathematics computer science,2026-02-13,data analyst,New,,21211 (Data Scientists),✅ Yes,100,90,90,90,80,93.0,🔴 HIGH
Data Scientist,Vancouver Coastal Health,"Vancouver, BC",85000,110000,yearly,https://linkedin.com/jobs/1014,python r sql statistical analysis data visualization machine learning regression healthcare data pandas hypothesis testing 3+ years experience bachelor statistics,2026-02-13,data scientist,New,,21211 (Data Scientists),✅ Yes,100,100,65,75,80,90.2,🔴 HIGH
"Data Scientist, Product Analytics",Hootsuite,"Vancouver, BC",110000,145000,yearly,https://linkedin.com/jobs/1002,python sql a/b testing hypothesis testing regression clustering machine learning product analytics segmentation kpi metrics pandas scikit-learn tableau stakeholder communication 3+ years experience master statistics,2026-02-13,data scientist,New,,21211 (Data Scientists),✅ Yes,85,100,90,90,80,89.5,🔴 HIGH
Applied Scientist,Microsoft,"Vancouver, BC",140000,195000,yearly,https://linkedin.com/jobs/1008,machine learning deep learning nlp python pytorch tensorflow research statistical modeling neural network transformer bert gpt recommendation system 5+ years experience phd computer science,2026-02-13,data analyst,New,,21211 (Data Scientists),✅ Yes,86,90,100,90,80,88.9,🔴 HIGH
Security Data Analyst,Absolute Software,"Vancouver, BC",90000,120000,yearly,https://linkedin.com/jobs/1019,cybersecurity data analysis python sql anomaly detection machine learning siem security analytics threat intelligence statistical analysis 3+ years experience,2026-02-13,data scientist,New,,21220 (Cybersecurity Specialists),✅ Yes,90,100,80,75,80,88.5,🔴 HIGH
Data Scientist - Cybersecurity,Fortinet,"Burnaby, BC",110000,150000,yearly,https://linkedin.com/jobs/1009,cybersecurity machine learning python anomaly detection classification deep learning data pipeline sql network security threat detection 3+ years experience bachelor computer science,2026-02-13,data scientist,New,,21211 (Data Scientists),✅ Yes,88,100,90,60,80,87.7,🔴 HIGH
Senior ML Engineer,D-Wave Systems,"Burnaby, BC",130000,170000,yearly,https://linkedin.com/jobs/1016,machine learning deep learning python pytorch tensorflow quantum computing optimization algorithm docker aws 5+ years experience master computer science,2026-02-13,ML engineer,New,,21211 (Data Scientists),✅ Yes,77,100,100,75,70,85.3,🔴 HIGH
Machine Learning Engineer,Amazon,"Vancouver, BC",150000,210000,yearly,https://amazon.jobs/1003,machine learning deep learning python pytorch tensorflow nlp aws sagemaker docker kubernetes ci/cd data pipeline reinforcement learning 5+ years experience master computer science,2026-02-13,AI consultant,New,,21211 (Data Scientists),✅ Yes,72,100,100,90,60,83.8,🔴 HIGH
AI Strategy Consultant,Accenture,"Vancouver, BC",100000,145000,yearly,https://linkedin.com/jobs/1017,ai machine learning consulting strategy stakeholder llm generative ai rag project management cross-functional python sql communication 5+ years experience,2026-02-13,data analyst,New,,21221 (Business Systems Specialists),✅ Yes,73,100,90,90,70,83.7,🔴 HIGH
NLP Engineer,Cohere,"Vancouver, BC (Remote)",140000,190000,yearly,https://linkedin.com/jobs/1013,nlp natural language processing python pytorch transformer bert gpt llm machine learning deep learning rag langchain 4+ years experience master computer science,2026-02-13,data scientist,New,,21211 (Data Scientists),✅ Yes,72,90,100,90,70,82.3,🔴 HIGH
Data Analyst,BC Hydro,"Vancouver, BC",80000,100000,yearly,https://linkedin.com/jobs/1007,sql python data analysis data visualization tableau power bi excel statistical analysis regression hypothesis testing stakeholder communication 2+ years experience bachelor statistics,2026-02-13,data scientist,New,,21223 (Database Analysts),✅ Yes,77,100,65,90,70,81.6,🔴 HIGH
Senior Product Analyst,Clio,"Vancouver, BC",105000,135000,yearly,https://linkedin.com/jobs/1006,sql python product analytics a/b testing hypothesis testing segmentation funnel analysis cohort analysis retention churn ltv metrics kpi tableau looker stakeholder cross-functional 4+ years experience,2026-02-13,ML engineer,New,,21221 (Business Systems Specialists),✅ Yes,72,95,90,75,70,80.6,🔴 HIGH
"Data Analyst, Marketing",Thinkific,"Vancouver, BC",70000,90000,yearly,https://linkedin.com/jobs/1018,sql python data analysis a/b testing segmentation marketing analytics funnel analysis metrics kpi google analytics excel 2+ years experience,2026-02-13,data analyst,New,,21223 (Database Analysts),✅ Yes,77,100,50,75,70,77.8,🔴 HIGH
Growth Analyst,Later (Mavrck),"Vancouver, BC",80000,100000,yearly,https://linkedin.com/jobs/1015,sql python product analytics a/b testing segmentation funnel analysis ltv churn retention metrics kpi looker 2+ years experience,2026-02-13,ML engineer,New,,21221 (Business Systems Specialists),✅ Yes,77,90,65,75,70,77.6,🔴 HIGH
AI/ML Consultant,Deloitte,"Vancouver, BC",95000,140000,yearly,https://linkedin.com/jobs/1004,machine learning ai consulting python sql stakeholder project management nlp rag generative ai llm strategy cross-functional communication 5+ years experience,2026-02-13,ML engineer,New,,,,76,70,80,90,70,75.9,🔴 HIGH
Business Intelligence Analyst,Bench Accounting,"Vancouver, BC",75000,95000,yearly,https://linkedin.com/jobs/1012,sql tableau power bi excel data analysis data visualization metrics kpi reporting stakeholder communication 2+ years experience,2026-02-13,data scientist,New,,21223 (Database Analysts),✅ Yes,66,90,65,75,70,73.2,🟡 MEDIUM
Data Engineer,Shopify,"Vancouver, BC (Remote)",120000,165000,yearly,https://linkedin.com/jobs/1011,python sql spark pyspark airflow dbt snowflake data pipeline etl data warehouse docker kubernetes aws gcp 4+ years experience,2026-02-13,product analyst,New,,21231 (Software Engineers),✅ Yes,46,100,90,90,60,71.9,🟡 MEDIUM
